Employee_ID,Head_Shot
1009,https://absentdata.com/wp-content/uploads/2024/09/Head_Shot_3.png
1005,https://absentdata.com/wp-content/uploads/2024/09/Head_Shot_1.png
1007,https://absentdata.com/wp-content/uploads/2024/09/Head_Shot_5.png
1001,https://absentdata.com/wp-content/uploads/2024/09/Head_Shot_8.png
1003,https://absentdata.com/wp-content/uploads/2024/09/Head_shot_9.png
1002,https://absentdata.com/wp-content/uploads/2024/09/Head_Shot_2.png
1004,https://absentdata.com/wp-content/uploads/2024/09/Head_shot_10.png
1006,https://absentdata.com/wp-content/uploads/2024/09/Head_Shot_7.png
1008,https://absentdata.com/wp-content/uploads/2024/09/Head_Shot_6.png
1010,https://absentdata.com/wp-content/uploads/2024/09/Head_shot_12.png
